<?xml version="1.0" encoding="utf-8"?>
<!--/262281/555595/2.49/32/0/Integrated Circuit/-->
<quadcept_library>
  <setting unit="mil" />
  <textstyle name="Default" height="47.244094488189" strokewidth="7.8740157480315" charwidth="47.244094488189" />
  <textstyle name="Dimension" height="19.6850393700787" strokewidth="0" charwidth="19.6850393700787" />
  <textstyle name="H127W0635TH00762" height="50" strokewidth="3" charwidth="25" />
  <textstyle name="H15W15TH02" height="59.0551181102362" strokewidth="7.8740157480315" charwidth="59.0551181102362" />
  <padstyle name="s167.64_h111.76" surface="False" plated="True" isvia="False" nopaste="True" nomask="True" complex="False" holesize="43.999999999999">
    <padshape layer="TOP" shape="square" width="65.999999999999" height="65.999999999999" />
    <padshape layer="TOP_SOLDER_MASK" shape="square" width="73.874015748031" height="73.874015748031" />
    <padshape layer="INNER" shape="round" width="65.999999999999" height="65.999999999999" />
    <padshape layer="BOTTOM" shape="square" width="65.999999999999" height="65.999999999999" />
    <padshape layer="BOTTOM_SOLDER_MASK" shape="square" width="73.874015748031" height="73.874015748031" />
  </padstyle>
  <padstyle name="c167.64_h111.76" surface="False" plated="True" isvia="False" nopaste="True" nomask="True" complex="False" holesize="43.999999999999">
    <padshape layer="TOP" shape="round" width="65.999999999999" height="65.999999999999" />
    <padshape layer="TOP_SOLDER_MASK" shape="round" width="73.874015748031" height="73.874015748031" />
    <padshape layer="INNER" shape="round" width="65.999999999999" height="65.999999999999" />
    <padshape layer="BOTTOM" shape="round" width="65.999999999999" height="65.999999999999" />
    <padshape layer="BOTTOM_SOLDER_MASK" shape="round" width="73.874015748031" height="73.874015748031" />
  </padstyle>
  <footprint name="DIP254P1524X393-32" originx="0" originy="0" pickpointx="0" pickpointy="0">
    <pcbpin number="1" name="1" style="s167.64_h111.76" originx="-599.99999999999" originy="1500" rotation="90" />
    <pcbpin number="2" name="2" style="c167.64_h111.76" originx="-599.99999999999" originy="1400" rotation="90" />
    <pcbpin number="3" name="3" style="c167.64_h111.76" originx="-599.99999999999" originy="1300" rotation="90" />
    <pcbpin number="4" name="4" style="c167.64_h111.76" originx="-599.99999999999" originy="1200" rotation="90" />
    <pcbpin number="5" name="5" style="c167.64_h111.76" originx="-599.99999999999" originy="1100" rotation="90" />
    <pcbpin number="6" name="6" style="c167.64_h111.76" originx="-599.99999999999" originy="999.99999999999" rotation="90" />
    <pcbpin number="7" name="7" style="c167.64_h111.76" originx="-599.99999999999" originy="899.99999999999" rotation="90" />
    <pcbpin number="8" name="8" style="c167.64_h111.76" originx="-599.99999999999" originy="799.99999999999" rotation="90" />
    <pcbpin number="9" name="9" style="c167.64_h111.76" originx="-599.99999999999" originy="699.99999999999" rotation="90" />
    <pcbpin number="10" name="10" style="c167.64_h111.76" originx="-599.99999999999" originy="599.99999999999" rotation="90" />
    <pcbpin number="11" name="11" style="c167.64_h111.76" originx="-599.99999999999" originy="499.99999999999" rotation="90" />
    <pcbpin number="12" name="12" style="c167.64_h111.76" originx="-599.99999999999" originy="400" rotation="90" />
    <pcbpin number="13" name="13" style="c167.64_h111.76" originx="-599.99999999999" originy="300" rotation="90" />
    <pcbpin number="14" name="14" style="c167.64_h111.76" originx="-599.99999999999" originy="200" rotation="90" />
    <pcbpin number="15" name="15" style="c167.64_h111.76" originx="-599.99999999999" originy="99.999999999999" rotation="90" />
    <pcbpin number="16" name="16" style="c167.64_h111.76" originx="-599.99999999999" originy="0" rotation="90" />
    <pcbpin number="17" name="17" style="c167.64_h111.76" originx="0" originy="0" rotation="90" />
    <pcbpin number="18" name="18" style="c167.64_h111.76" originx="0" originy="99.999999999999" rotation="90" />
    <pcbpin number="19" name="19" style="c167.64_h111.76" originx="0" originy="200" rotation="90" />
    <pcbpin number="20" name="20" style="c167.64_h111.76" originx="0" originy="300" rotation="90" />
    <pcbpin number="21" name="21" style="c167.64_h111.76" originx="0" originy="400" rotation="90" />
    <pcbpin number="22" name="22" style="c167.64_h111.76" originx="0" originy="499.99999999999" rotation="90" />
    <pcbpin number="23" name="23" style="c167.64_h111.76" originx="0" originy="599.99999999999" rotation="90" />
    <pcbpin number="24" name="24" style="c167.64_h111.76" originx="0" originy="699.99999999999" rotation="90" />
    <pcbpin number="25" name="25" style="c167.64_h111.76" originx="0" originy="799.99999999999" rotation="90" />
    <pcbpin number="26" name="26" style="c167.64_h111.76" originx="0" originy="899.99999999999" rotation="90" />
    <pcbpin number="27" name="27" style="c167.64_h111.76" originx="0" originy="999.99999999999" rotation="90" />
    <pcbpin number="28" name="28" style="c167.64_h111.76" originx="0" originy="1100" rotation="90" />
    <pcbpin number="29" name="29" style="c167.64_h111.76" originx="0" originy="1200" rotation="90" />
    <pcbpin number="30" name="30" style="c167.64_h111.76" originx="0" originy="1300" rotation="90" />
    <pcbpin number="31" name="31" style="c167.64_h111.76" originx="0" originy="1400" rotation="90" />
    <pcbpin number="32" name="32" style="c167.64_h111.76" originx="0" originy="1500" rotation="90" />
    <line layer="TOP_SILKSCREEN" originx="-28" originy="1543" endx="-28" endy="1575" width="5.9999999999999" />
    <line layer="TOP_SILKSCREEN" originx="-28" originy="1443" endx="-28" endy="1457" width="5.9999999999999" />
    <line layer="TOP_SILKSCREEN" originx="-28" originy="1343" endx="-28" endy="1357" width="5.9999999999999" />
    <line layer="TOP_SILKSCREEN" originx="-28" originy="1243" endx="-28" endy="1257" width="5.9999999999999" />
    <line layer="TOP_SILKSCREEN" originx="-28" originy="1143" endx="-28" endy="1157" width="5.9999999999999" />
    <line layer="TOP_SILKSCREEN" originx="-571.99999999999" originy="-74.999999999999" endx="-28" endy="-74.999999999999" width="5.9999999999999" />
    <line layer="TOP_SILKSCREEN" originx="-28" originy="-74.999999999999" endx="-28" endy="-42.999999999999" width="5.9999999999999" />
    <line layer="TOP_SILKSCREEN" originx="-28" originy="1575" endx="-288" endy="1575" width="5.9999999999999" />
    <line layer="TOP_SILKSCREEN" originx="-288" originy="1575" endx="-312" endy="1575" width="5.9999999999999" />
    <line layer="TOP_SILKSCREEN" originx="-312" originy="1575" endx="-571.99999999999" endy="1575" width="5.9999999999999" />
    <line layer="TOP_SILKSCREEN" originx="-571.99999999999" originy="1575" endx="-571.99999999999" endy="1552" width="5.9999999999999" />
    <line layer="TOP_SILKSCREEN" originx="-571.99999999999" originy="1357" endx="-571.99999999999" endy="1343" width="5.9999999999999" />
    <line layer="TOP_SILKSCREEN" originx="-571.99999999999" originy="1257" endx="-571.99999999999" endy="1243" width="5.9999999999999" />
    <line layer="TOP_SILKSCREEN" originx="-571.99999999999" originy="1157" endx="-571.99999999999" endy="1143" width="5.9999999999999" />
    <line layer="TOP_SILKSCREEN" originx="-571.99999999999" originy="1057" endx="-571.99999999999" endy="1043" width="5.9999999999999" />
    <line layer="TOP_SILKSCREEN" originx="-571.99999999999" originy="956.99999999999" endx="-571.99999999999" endy="942.99999999999" width="5.9999999999999" />
    <line layer="TOP_SILKSCREEN" originx="-571.99999999999" originy="856.99999999999" endx="-571.99999999999" endy="842.99999999999" width="5.9999999999999" />
    <line layer="TOP_SILKSCREEN" originx="-571.99999999999" originy="756.99999999999" endx="-571.99999999999" endy="742.99999999999" width="5.9999999999999" />
    <line layer="TOP_SILKSCREEN" originx="-571.99999999999" originy="656.99999999999" endx="-571.99999999999" endy="642.99999999999" width="5.9999999999999" />
    <line layer="TOP_SILKSCREEN" originx="-571.99999999999" originy="556.99999999999" endx="-571.99999999999" endy="542.99999999999" width="5.9999999999999" />
    <line layer="TOP_SILKSCREEN" originx="-571.99999999999" originy="456.99999999999" endx="-571.99999999999" endy="442.99999999999" width="5.9999999999999" />
    <line layer="TOP_SILKSCREEN" originx="-571.99999999999" originy="357" endx="-571.99999999999" endy="343" width="5.9999999999999" />
    <line layer="TOP_SILKSCREEN" originx="-571.99999999999" originy="257" endx="-571.99999999999" endy="243" width="5.9999999999999" />
    <line layer="TOP_SILKSCREEN" originx="-571.99999999999" originy="157" endx="-571.99999999999" endy="143" width="5.9999999999999" />
    <line layer="TOP_SILKSCREEN" originx="-571.99999999999" originy="56.999999999999" endx="-571.99999999999" endy="42.999999999999" width="5.9999999999999" />
    <line layer="TOP_SILKSCREEN" originx="-571.99999999999" originy="-42.999999999999" endx="-571.99999999999" endy="-74.999999999999" width="5.9999999999999" />
    <line layer="TOP_SILKSCREEN" originx="-28" originy="42.999999999999" endx="-28" endy="56.999999999999" width="5.9999999999999" />
    <line layer="TOP_SILKSCREEN" originx="-28" originy="143" endx="-28" endy="157" width="5.9999999999999" />
    <line layer="TOP_SILKSCREEN" originx="-28" originy="243" endx="-28" endy="257" width="5.9999999999999" />
    <line layer="TOP_SILKSCREEN" originx="-28" originy="343" endx="-28" endy="357" width="5.9999999999999" />
    <line layer="TOP_SILKSCREEN" originx="-28" originy="442.99999999999" endx="-28" endy="456.99999999999" width="5.9999999999999" />
    <line layer="TOP_SILKSCREEN" originx="-28" originy="542.99999999999" endx="-28" endy="556.99999999999" width="5.9999999999999" />
    <line layer="TOP_SILKSCREEN" originx="-28" originy="642.99999999999" endx="-28" endy="656.99999999999" width="5.9999999999999" />
    <line layer="TOP_SILKSCREEN" originx="-28" originy="742.99999999999" endx="-28" endy="756.99999999999" width="5.9999999999999" />
    <line layer="TOP_SILKSCREEN" originx="-28" originy="842.99999999999" endx="-28" endy="856.99999999999" width="5.9999999999999" />
    <line layer="TOP_SILKSCREEN" originx="-28" originy="942.99999999999" endx="-28" endy="956.99999999999" width="5.9999999999999" />
    <line layer="TOP_SILKSCREEN" originx="-28" originy="1043" endx="-28" endy="1057" width="5.9999999999999" />
    <arc layer="TOP_SILKSCREEN" originx="-300" originy="1575" startangle=".0" sweepangle="-180.0" radius="12" width="5.9999999999999" />
  </footprint>
  <symbol name="AS6C1008-55PCN" originx="0" originy="0">
    <line originx="200" originy="100" endx="800" endy="100" width="0" />
    <line originx="800" originy="-1600" endx="800" endy="100" width="0" />
    <line originx="800" originy="-1600" endx="200" endy="-1600" width="0" />
    <line originx="200" originy="100" endx="200" endy="-1600" width="0" />
    <sympin number="1" originx="200" originy="0" rotation="180" length="100" width="7.8740157480315" flipped="False">
      <text name="pinname" originx="230" originy="0" style="Default" rotation="0" justify="left" flipped="False" hidden="False" data="NC" />
      <text name="pindes" originx="140" originy="20" style="Default" rotation="0" justify="lowerright" flipped="False" hidden="False" data="1" />
    </sympin>
    <sympin number="2" originx="200" originy="-100" rotation="180" length="100" width="7.8740157480315" flipped="False">
      <text name="pinname" originx="230" originy="-100" style="Default" rotation="0" justify="left" flipped="False" hidden="False" data="A16" />
      <text name="pindes" originx="140" originy="-80" style="Default" rotation="0" justify="lowerright" flipped="False" hidden="False" data="2" />
    </sympin>
    <sympin number="3" originx="200" originy="-200" rotation="180" length="100" width="7.8740157480315" flipped="False">
      <text name="pinname" originx="230" originy="-200" style="Default" rotation="0" justify="left" flipped="False" hidden="False" data="A14" />
      <text name="pindes" originx="140" originy="-180" style="Default" rotation="0" justify="lowerright" flipped="False" hidden="False" data="3" />
    </sympin>
    <sympin number="4" originx="200" originy="-300" rotation="180" length="100" width="7.8740157480315" flipped="False">
      <text name="pinname" originx="230" originy="-300" style="Default" rotation="0" justify="left" flipped="False" hidden="False" data="A12" />
      <text name="pindes" originx="140" originy="-280" style="Default" rotation="0" justify="lowerright" flipped="False" hidden="False" data="4" />
    </sympin>
    <sympin number="5" originx="200" originy="-400" rotation="180" length="100" width="7.8740157480315" flipped="False">
      <text name="pinname" originx="230" originy="-400" style="Default" rotation="0" justify="left" flipped="False" hidden="False" data="A7" />
      <text name="pindes" originx="140" originy="-380" style="Default" rotation="0" justify="lowerright" flipped="False" hidden="False" data="5" />
    </sympin>
    <sympin number="6" originx="200" originy="-500" rotation="180" length="100" width="7.8740157480315" flipped="False">
      <text name="pinname" originx="230" originy="-500" style="Default" rotation="0" justify="left" flipped="False" hidden="False" data="A6" />
      <text name="pindes" originx="140" originy="-480" style="Default" rotation="0" justify="lowerright" flipped="False" hidden="False" data="6" />
    </sympin>
    <sympin number="7" originx="200" originy="-600" rotation="180" length="100" width="7.8740157480315" flipped="False">
      <text name="pinname" originx="230" originy="-600" style="Default" rotation="0" justify="left" flipped="False" hidden="False" data="A5" />
      <text name="pindes" originx="140" originy="-580" style="Default" rotation="0" justify="lowerright" flipped="False" hidden="False" data="7" />
    </sympin>
    <sympin number="8" originx="200" originy="-700" rotation="180" length="100" width="7.8740157480315" flipped="False">
      <text name="pinname" originx="230" originy="-700" style="Default" rotation="0" justify="left" flipped="False" hidden="False" data="A4" />
      <text name="pindes" originx="140" originy="-680" style="Default" rotation="0" justify="lowerright" flipped="False" hidden="False" data="8" />
    </sympin>
    <sympin number="9" originx="200" originy="-800" rotation="180" length="100" width="7.8740157480315" flipped="False">
      <text name="pinname" originx="230" originy="-800" style="Default" rotation="0" justify="left" flipped="False" hidden="False" data="A3" />
      <text name="pindes" originx="140" originy="-780" style="Default" rotation="0" justify="lowerright" flipped="False" hidden="False" data="9" />
    </sympin>
    <sympin number="10" originx="200" originy="-900" rotation="180" length="100" width="7.8740157480315" flipped="False">
      <text name="pinname" originx="230" originy="-900" style="Default" rotation="0" justify="left" flipped="False" hidden="False" data="A2" />
      <text name="pindes" originx="140" originy="-880" style="Default" rotation="0" justify="lowerright" flipped="False" hidden="False" data="10" />
    </sympin>
    <sympin number="11" originx="200" originy="-1000" rotation="180" length="100" width="7.8740157480315" flipped="False">
      <text name="pinname" originx="230" originy="-1000" style="Default" rotation="0" justify="left" flipped="False" hidden="False" data="A1" />
      <text name="pindes" originx="140" originy="-980" style="Default" rotation="0" justify="lowerright" flipped="False" hidden="False" data="11" />
    </sympin>
    <sympin number="12" originx="200" originy="-1100" rotation="180" length="100" width="7.8740157480315" flipped="False">
      <text name="pinname" originx="230" originy="-1100" style="Default" rotation="0" justify="left" flipped="False" hidden="False" data="A0" />
      <text name="pindes" originx="140" originy="-1080" style="Default" rotation="0" justify="lowerright" flipped="False" hidden="False" data="12" />
    </sympin>
    <sympin number="13" originx="200" originy="-1200" rotation="180" length="100" width="7.8740157480315" flipped="False">
      <text name="pinname" originx="230" originy="-1200" style="Default" rotation="0" justify="left" flipped="False" hidden="False" data="DQ0" />
      <text name="pindes" originx="140" originy="-1180" style="Default" rotation="0" justify="lowerright" flipped="False" hidden="False" data="13" />
    </sympin>
    <sympin number="14" originx="200" originy="-1300" rotation="180" length="100" width="7.8740157480315" flipped="False">
      <text name="pinname" originx="230" originy="-1300" style="Default" rotation="0" justify="left" flipped="False" hidden="False" data="DQ1" />
      <text name="pindes" originx="140" originy="-1280" style="Default" rotation="0" justify="lowerright" flipped="False" hidden="False" data="14" />
    </sympin>
    <sympin number="15" originx="200" originy="-1400" rotation="180" length="100" width="7.8740157480315" flipped="False">
      <text name="pinname" originx="230" originy="-1400" style="Default" rotation="0" justify="left" flipped="False" hidden="False" data="DQ2" />
      <text name="pindes" originx="140" originy="-1380" style="Default" rotation="0" justify="lowerright" flipped="False" hidden="False" data="15" />
    </sympin>
    <sympin number="16" originx="200" originy="-1500" rotation="180" length="100" width="7.8740157480315" flipped="False">
      <text name="pinname" originx="230" originy="-1500" style="Default" rotation="0" justify="left" flipped="False" hidden="False" data="VSS" />
      <text name="pindes" originx="140" originy="-1480" style="Default" rotation="0" justify="lowerright" flipped="False" hidden="False" data="16" />
    </sympin>
    <sympin number="17" originx="800" originy="-1500" rotation="0" length="100" width="7.8740157480315" flipped="False">
      <text name="pinname" originx="770" originy="-1500" style="Default" rotation="0" justify="right" flipped="False" hidden="False" data="DQ3" />
      <text name="pindes" originx="860" originy="-1480" style="Default" rotation="0" justify="lowerleft" flipped="False" hidden="False" data="17" />
    </sympin>
    <sympin number="18" originx="800" originy="-1400" rotation="0" length="100" width="7.8740157480315" flipped="False">
      <text name="pinname" originx="770" originy="-1400" style="Default" rotation="0" justify="right" flipped="False" hidden="False" data="DQ4" />
      <text name="pindes" originx="860" originy="-1380" style="Default" rotation="0" justify="lowerleft" flipped="False" hidden="False" data="18" />
    </sympin>
    <sympin number="19" originx="800" originy="-1300" rotation="0" length="100" width="7.8740157480315" flipped="False">
      <text name="pinname" originx="770" originy="-1300" style="Default" rotation="0" justify="right" flipped="False" hidden="False" data="DQ5" />
      <text name="pindes" originx="860" originy="-1280" style="Default" rotation="0" justify="lowerleft" flipped="False" hidden="False" data="19" />
    </sympin>
    <sympin number="20" originx="800" originy="-1200" rotation="0" length="100" width="7.8740157480315" flipped="False">
      <text name="pinname" originx="770" originy="-1200" style="Default" rotation="0" justify="right" flipped="False" hidden="False" data="DQ6" />
      <text name="pindes" originx="860" originy="-1180" style="Default" rotation="0" justify="lowerleft" flipped="False" hidden="False" data="20" />
    </sympin>
    <sympin number="21" originx="800" originy="-1100" rotation="0" length="100" width="7.8740157480315" flipped="False">
      <text name="pinname" originx="770" originy="-1100" style="Default" rotation="0" justify="right" flipped="False" hidden="False" data="DQ7" />
      <text name="pindes" originx="860" originy="-1080" style="Default" rotation="0" justify="lowerleft" flipped="False" hidden="False" data="21" />
    </sympin>
    <sympin number="22" originx="800" originy="-1000" rotation="0" length="100" width="7.8740157480315" flipped="False">
      <text name="pinname" originx="770" originy="-1000" style="Default" rotation="0" justify="right" flipped="False" hidden="False" data="\CE" />
      <text name="pindes" originx="860" originy="-980" style="Default" rotation="0" justify="lowerleft" flipped="False" hidden="False" data="22" />
    </sympin>
    <sympin number="23" originx="800" originy="-900" rotation="0" length="100" width="7.8740157480315" flipped="False">
      <text name="pinname" originx="770" originy="-900" style="Default" rotation="0" justify="right" flipped="False" hidden="False" data="A10" />
      <text name="pindes" originx="860" originy="-880" style="Default" rotation="0" justify="lowerleft" flipped="False" hidden="False" data="23" />
    </sympin>
    <sympin number="24" originx="800" originy="-800" rotation="0" length="100" width="7.8740157480315" flipped="False">
      <text name="pinname" originx="770" originy="-800" style="Default" rotation="0" justify="right" flipped="False" hidden="False" data="\OE" />
      <text name="pindes" originx="860" originy="-780" style="Default" rotation="0" justify="lowerleft" flipped="False" hidden="False" data="24" />
    </sympin>
    <sympin number="25" originx="800" originy="-700" rotation="0" length="100" width="7.8740157480315" flipped="False">
      <text name="pinname" originx="770" originy="-700" style="Default" rotation="0" justify="right" flipped="False" hidden="False" data="A11" />
      <text name="pindes" originx="860" originy="-680" style="Default" rotation="0" justify="lowerleft" flipped="False" hidden="False" data="25" />
    </sympin>
    <sympin number="26" originx="800" originy="-600" rotation="0" length="100" width="7.8740157480315" flipped="False">
      <text name="pinname" originx="770" originy="-600" style="Default" rotation="0" justify="right" flipped="False" hidden="False" data="A9" />
      <text name="pindes" originx="860" originy="-580" style="Default" rotation="0" justify="lowerleft" flipped="False" hidden="False" data="26" />
    </sympin>
    <sympin number="27" originx="800" originy="-500" rotation="0" length="100" width="7.8740157480315" flipped="False">
      <text name="pinname" originx="770" originy="-500" style="Default" rotation="0" justify="right" flipped="False" hidden="False" data="A8" />
      <text name="pindes" originx="860" originy="-480" style="Default" rotation="0" justify="lowerleft" flipped="False" hidden="False" data="27" />
    </sympin>
    <sympin number="28" originx="800" originy="-400" rotation="0" length="100" width="7.8740157480315" flipped="False">
      <text name="pinname" originx="770" originy="-400" style="Default" rotation="0" justify="right" flipped="False" hidden="False" data="A13" />
      <text name="pindes" originx="860" originy="-380" style="Default" rotation="0" justify="lowerleft" flipped="False" hidden="False" data="28" />
    </sympin>
    <sympin number="29" originx="800" originy="-300" rotation="0" length="100" width="7.8740157480315" flipped="False">
      <text name="pinname" originx="770" originy="-300" style="Default" rotation="0" justify="right" flipped="False" hidden="False" data="\WE" />
      <text name="pindes" originx="860" originy="-280" style="Default" rotation="0" justify="lowerleft" flipped="False" hidden="False" data="29" />
    </sympin>
    <sympin number="30" originx="800" originy="-200" rotation="0" length="100" width="7.8740157480315" flipped="False">
      <text name="pinname" originx="770" originy="-200" style="Default" rotation="0" justify="right" flipped="False" hidden="False" data="CE2" />
      <text name="pindes" originx="860" originy="-180" style="Default" rotation="0" justify="lowerleft" flipped="False" hidden="False" data="30" />
    </sympin>
    <sympin number="31" originx="800" originy="-100" rotation="0" length="100" width="7.8740157480315" flipped="False">
      <text name="pinname" originx="770" originy="-100" style="Default" rotation="0" justify="right" flipped="False" hidden="False" data="A15" />
      <text name="pindes" originx="860" originy="-80" style="Default" rotation="0" justify="lowerleft" flipped="False" hidden="False" data="31" />
    </sympin>
    <sympin number="32" originx="800" originy="0" rotation="0" length="100" width="7.8740157480315" flipped="False">
      <text name="pinname" originx="770" originy="0" style="Default" rotation="0" justify="right" flipped="False" hidden="False" data="VCC" />
      <text name="pindes" originx="860" originy="20" style="Default" rotation="0" justify="lowerleft" flipped="False" hidden="False" data="32" />
    </sympin>
  </symbol>
  <component name="AS6C1008-55PCN" designatorprefix="IC" height="0" footprint="DIP254P1524X393-32">
    <comppin designator="1" sympin="1" pinswap="0" gateswap="0" gate="1" group="1" side="" type="Any" name="NC" />
    <comppin designator="2" sympin="2" pinswap="0" gateswap="0" gate="1" group="1" side="" type="Any" name="A16" />
    <comppin designator="3" sympin="3" pinswap="0" gateswap="0" gate="1" group="1" side="" type="Any" name="A14" />
    <comppin designator="4" sympin="4" pinswap="0" gateswap="0" gate="1" group="1" side="" type="Any" name="A12" />
    <comppin designator="5" sympin="5" pinswap="0" gateswap="0" gate="1" group="1" side="" type="Any" name="A7" />
    <comppin designator="6" sympin="6" pinswap="0" gateswap="0" gate="1" group="1" side="" type="Any" name="A6" />
    <comppin designator="7" sympin="7" pinswap="0" gateswap="0" gate="1" group="1" side="" type="Any" name="A5" />
    <comppin designator="8" sympin="8" pinswap="0" gateswap="0" gate="1" group="1" side="" type="Any" name="A4" />
    <comppin designator="9" sympin="9" pinswap="0" gateswap="0" gate="1" group="1" side="" type="Any" name="A3" />
    <comppin designator="10" sympin="10" pinswap="0" gateswap="0" gate="1" group="1" side="" type="Any" name="A2" />
    <comppin designator="11" sympin="11" pinswap="0" gateswap="0" gate="1" group="1" side="" type="Any" name="A1" />
    <comppin designator="12" sympin="12" pinswap="0" gateswap="0" gate="1" group="1" side="" type="Any" name="A0" />
    <comppin designator="13" sympin="13" pinswap="0" gateswap="0" gate="1" group="1" side="" type="Any" name="DQ0" />
    <comppin designator="14" sympin="14" pinswap="0" gateswap="0" gate="1" group="1" side="" type="Any" name="DQ1" />
    <comppin designator="15" sympin="15" pinswap="0" gateswap="0" gate="1" group="1" side="" type="Any" name="DQ2" />
    <comppin designator="16" sympin="16" pinswap="0" gateswap="0" gate="1" group="1" side="" type="Any" name="VSS" />
    <comppin designator="17" sympin="17" pinswap="0" gateswap="0" gate="1" group="1" side="" type="Any" name="DQ3" />
    <comppin designator="18" sympin="18" pinswap="0" gateswap="0" gate="1" group="1" side="" type="Any" name="DQ4" />
    <comppin designator="19" sympin="19" pinswap="0" gateswap="0" gate="1" group="1" side="" type="Any" name="DQ5" />
    <comppin designator="20" sympin="20" pinswap="0" gateswap="0" gate="1" group="1" side="" type="Any" name="DQ6" />
    <comppin designator="21" sympin="21" pinswap="0" gateswap="0" gate="1" group="1" side="" type="Any" name="DQ7" />
    <comppin designator="22" sympin="22" pinswap="0" gateswap="0" gate="1" group="1" side="" type="Any" name="|CE" />
    <comppin designator="23" sympin="23" pinswap="0" gateswap="0" gate="1" group="1" side="" type="Any" name="A10" />
    <comppin designator="24" sympin="24" pinswap="0" gateswap="0" gate="1" group="1" side="" type="Any" name="|OE" />
    <comppin designator="25" sympin="25" pinswap="0" gateswap="0" gate="1" group="1" side="" type="Any" name="A11" />
    <comppin designator="26" sympin="26" pinswap="0" gateswap="0" gate="1" group="1" side="" type="Any" name="A9" />
    <comppin designator="27" sympin="27" pinswap="0" gateswap="0" gate="1" group="1" side="" type="Any" name="A8" />
    <comppin designator="28" sympin="28" pinswap="0" gateswap="0" gate="1" group="1" side="" type="Any" name="A13" />
    <comppin designator="29" sympin="29" pinswap="0" gateswap="0" gate="1" group="1" side="" type="Any" name="|WE" />
    <comppin designator="30" sympin="30" pinswap="0" gateswap="0" gate="1" group="1" side="" type="Any" name="CE2" />
    <comppin designator="31" sympin="31" pinswap="0" gateswap="0" gate="1" group="1" side="" type="Any" name="A15" />
    <comppin designator="32" sympin="32" pinswap="0" gateswap="0" gate="1" group="1" side="" type="Any" name="VCC" />
    <attached_symbol gate="1" name="AS6C1008-55PCN" />
    <pinmap designator="1" footprintpin="1" />
    <pinmap designator="2" footprintpin="2" />
    <pinmap designator="3" footprintpin="3" />
    <pinmap designator="4" footprintpin="4" />
    <pinmap designator="5" footprintpin="5" />
    <pinmap designator="6" footprintpin="6" />
    <pinmap designator="7" footprintpin="7" />
    <pinmap designator="8" footprintpin="8" />
    <pinmap designator="9" footprintpin="9" />
    <pinmap designator="10" footprintpin="10" />
    <pinmap designator="11" footprintpin="11" />
    <pinmap designator="12" footprintpin="12" />
    <pinmap designator="13" footprintpin="13" />
    <pinmap designator="14" footprintpin="14" />
    <pinmap designator="15" footprintpin="15" />
    <pinmap designator="16" footprintpin="16" />
    <pinmap designator="17" footprintpin="17" />
    <pinmap designator="18" footprintpin="18" />
    <pinmap designator="19" footprintpin="19" />
    <pinmap designator="20" footprintpin="20" />
    <pinmap designator="21" footprintpin="21" />
    <pinmap designator="22" footprintpin="22" />
    <pinmap designator="23" footprintpin="23" />
    <pinmap designator="24" footprintpin="24" />
    <pinmap designator="25" footprintpin="25" />
    <pinmap designator="26" footprintpin="26" />
    <pinmap designator="27" footprintpin="27" />
    <pinmap designator="28" footprintpin="28" />
    <pinmap designator="29" footprintpin="29" />
    <pinmap designator="30" footprintpin="30" />
    <pinmap designator="31" footprintpin="31" />
    <pinmap designator="32" footprintpin="32" />
    <text name="Datasheet" originx="0" originy="0" style="Default" rotation="0" justify="" flipped="False" hidden="True" data="http://componentsearchengine.com/Datasheets/1/AS6C1008-55PCN.pdf" />
    <text name="Description" originx="0" originy="0" style="Default" rotation="0" justify="" flipped="False" hidden="True" data="CMOS SRAM" />
    <text name="Mouser Part Number" originx="0" originy="0" style="Default" rotation="0" justify="" flipped="False" hidden="True" data="913-AS6C1008-55PCN" />
    <text name="Mouser Price/Stock" originx="0" originy="0" style="Default" rotation="0" justify="" flipped="False" hidden="True" data="https://www.mouser.co.uk/ProductDetail/Alliance-Memory/AS6C1008-55PCN?qs=E5c5%252Bmu3i39qb4Qta5D2qg%3D%3D" />
    <text name="Manufacturer_Name" originx="0" originy="0" style="Default" rotation="0" justify="" flipped="False" hidden="True" data="Alliance Memory" />
    <text name="Manufacturer_Part_Number" originx="850" originy="200" style="Default" rotation="0" justify="left" flipped="False" hidden="False" data="AS6C1008-55PCN" />
  </component>
</quadcept_library>
